analyzer,D_P,D_R,D_F1,T_P,T_R,T_F1
cdxgen,91.83416196284348,62.30124147449036,71.41144622550841,91.83416196284348,62.30124147449036,71.41144622550841
depscan,91.84318072186225,62.31045976357591,71.42056365803943,91.84318072186225,62.31045976357591,71.42056365803943
jbom,28.797491617144487,21.916549303437396,21.146518519968414,28.797491617144487,21.916549303437396,21.146518519968414
cyclonedx-maven-plugin,91.83494112129002,62.51371179609624,71.54115845506827,91.83494112129002,62.51371179609624,71.54115845506827
openrewrite,95.27532065457763,41.626451895754926,49.68178265141503,95.27532065457763,41.626451895754926,49.68178265141503
build-info-go,93.73481445439565,84.66511588368013,87.9120794808652,93.73481445439565,84.66511588368013,87.9120794808652
