analyzer,D_P,D_R,D_F1,T_P,T_R,T_F1
cdxgen,81.6303661891942,55.3788813106581,63.476841089340816,81.6303661891942,55.3788813106581,63.476841089340816
depscan,81.63838286387755,55.38707534540081,63.48494547381282,81.63838286387755,55.38707534540081,63.48494547381282
jbom,24.53119656275271,18.66965311033556,18.013700961454575,24.53119656275271,18.66965311033556,18.013700961454575
cyclonedx-maven-plugin,81.63105877448002,55.56774381875221,63.59214084894957,81.63105877448002,55.56774381875221,63.59214084894957
openrewrite,49.4020181171884,21.584086168169218,25.760924337770756,49.4020181171884,21.584086168169218,25.760924337770756
build-info-go,55.54655671371594,50.1719205236623,52.09604709977197,55.54655671371594,50.1719205236623,52.09604709977197
