analyzer,D_P,D_R,D_F1,T_P,T_R,T_F1
cdxgen,51.92293303404414,23.477296332567267,29.30571348367508,70.7257705712678,54.14641792590737,58.57161480240141
depscan,67.36195902862569,27.939548253124368,36.10886340185079,72.1743114942884,52.55752554136117,57.88234645858373
jbom,26.214112408261386,32.5302970089888,27.395588191055907,4.102435769102436,1.6360100813427105,2.1707946307095702
cyclonedx-maven-plugin,67.36195902862569,27.939548253124368,36.10886340185079,71.84146387488147,53.14769240116303,58.18383324450496
openrewrite,49.01960784313725,21.47427929104324,25.996783861101967,36.60914236495632,18.64109165505997,21.955457575369223
build-info-go,58.48832237721127,36.39558666521204,42.31099909329493,55.44665600204522,46.80289904253621,49.16417596365867
